{
  "version": 2,
  "cleanUrls": true,
  "trailingSlash": false,
  "headers": [
    {
      "source": "/service-worker.js",
      "headers": [
        {
          "key": "Cache-Control",
          "value": "public, max-age=0, must-revalidate"
        },
        {
          "key": "Service-Worker-Allowed",
          "value": "/"
        }
      ]
    },
    {
      "source": "/(.*)",
      "headers": [
        {
          "key": "Cache-Control",
          "value": "public, max-age=300"
        }
      ]
    }
  ]
}